timestamp,imedvode1_dewpoint,imedvode1_heat_index,imedvode1_precipitation_rate,imedvode1_precipitation_today,imedvode1_pressure,imedvode1_relative_humidity,imedvode1_solar_radiation,imedvode1_temperature,imedvode1_uv_index,imedvode1_wind_chill,imedvode1_wind_direction_degrees,windCardinals,imedvode1_wind_gust,imedvode1_wind_speed,condition1,condition2,visibility,condition3,sky,max_solar_radiation,image_name
2025-04-27 12:44,8.5,16.3,0.0,0.0,1026.31,60.0,741.8,16.3,7.0,16.3,138.0,SE,7.2,6.5,DRY,,9999.0,,Sunny,745.9642104250224,sunny.gif
2025-04-27 12:49,8.7,16.5,0.0,0.0,1026.11,60.0,588.3,16.5,5.0,16.5,142.0,SE,9.4,9.0,DRY,,9999.0,,Mostly Sunny,746.834425304008,mostly_sunny.gif
2025-04-27 12:54,9.5,16.5,0.0,0.0,1026.01,63.0,448.1,16.5,4.0,16.5,119.0,SE,9.4,6.5,DRY,,9999.0,,Partly Cloudy,747.3875048100492,partly_cloudy.gif
2025-04-27 12:59,10.1,16.5,0.0,0.0,1026.21,66.0,395.0,16.5,3.0,16.5,120.0,SE,9.4,7.2,DRY,,9999.0,,Partly Cloudy,747.6231859066215,partly_cloudy.gif
2025-04-27 13:04,8.1,16.4,0.0,0.0,1026.21,58.0,603.5,16.4,5.0,16.4,171.0,S,7.2,6.1,DRY,,9999.0,,Mostly Sunny,747.541361902854,mostly_sunny.gif
2025-04-27 13:09,8.8,17.1,0.0,0.0,1026.01,58.0,389.5,17.1,3.0,17.1,300.0,NW,3.6,3.6,DRY,,9999.0,,Partly Cloudy,747.1420824981823,partly_cloudy.gif
2025-04-27 13:14,8.5,16.8,0.0,0.0,1026.11,58.0,415.8,16.8,4.0,16.8,225.0,SW,5.4,3.6,DRY,,9999.0,,Partly Cloudy,746.4255537573146,partly_cloudy.gif
2025-04-27 13:19,9.6,17.2,0.0,0.0,1026.11,61.0,389.6,17.2,3.0,17.2,242.0,SW,3.6,2.9,DRY,,9999.0,,Partly Cloudy,745.3921380295152,partly_cloudy.gif
2025-04-27 13:24,9.1,17.2,0.0,0.0,1025.91,59.0,396.8,17.2,3.0,17.2,195.0,S,5.4,4.0,DRY,,9999.0,,Partly Cloudy,744.0423538255694,partly_cloudy.gif
2025-04-27 13:29,8.7,17.0,0.0,0.0,1026.21,58.0,398.3,17.0,3.0,17.0,148.0,SE,14.8,11.9,DRY,,9999.0,,Partly Cloudy,742.3768756193261,partly_cloudy.gif
2025-04-27 13:34,8.5,16.5,0.0,0.0,1026.11,59.0,415.7,16.5,4.0,16.5,143.0,SE,9.4,7.9,DRY,,9999.0,,Partly Cloudy,740.3965336158848,partly_cloudy.gif
2025-04-27 13:39,9.7,16.5,0.0,0.0,1026.11,64.0,426.1,16.5,4.0,16.5,138.0,SE,13.0,10.4,DRY,,9999.0,,Partly Cloudy,738.1023134442759,partly_cloudy.gif
2025-04-27 13:44,9.1,16.6,0.0,0.0,1025.8,61.0,422.3,16.6,4.0,16.6,114.0,SE,16.6,14.0,DRY,,9999.0,,Partly Cloudy,735.4953558183165,partly_cloudy.gif
2025-04-27 13:49,9.0,16.5,0.0,0.0,1026.11,61.0,461.0,16.5,4.0,16.5,141.0,SE,13.0,10.4,DRY,,9999.0,,Partly Cloudy,732.5769561238519,partly_cloudy.gif
2025-04-27 13:54,8.8,16.8,0.0,0.0,1026.01,59.0,472.5,16.8,4.0,16.8,137.0,SE,9.4,7.2,DRY,,9999.0,,Partly Cloudy,729.348563975205,partly_cloudy.gif
2025-04-27 13:59,8.4,17.0,0.0,0.0,1026.11,57.0,461.0,17.0,4.0,17.0,198.0,S,3.6,2.2,DRY,,9999.0,,Partly Cloudy,725.8117827086256,partly_cloudy.gif
2025-04-27 14:04,8.5,16.8,0.0,0.0,1026.21,58.0,374.5,16.8,3.0,16.8,135.0,SE,7.2,6.8,DRY,,9999.0,,Partly Cloudy,721.9683688281991,partly_cloudy.gif
2025-04-27 14:09,8.1,16.9,0.0,0.0,1026.01,56.0,400.3,16.9,3.0,16.9,131.0,SE,1.8,1.8,DRY,,9999.0,,Partly Cloudy,717.8202314188692,partly_cloudy.gif
2025-04-27 14:14,8.5,17.3,0.0,0.0,1026.11,56.0,373.5,17.3,3.0,17.3,158.0,S,14.8,10.8,DRY,,9999.0,,Partly Cloudy,713.3694314960622,partly_cloudy.gif
2025-04-27 14:19,9.0,17.0,0.0,0.0,1026.11,59.0,628.8,17.0,6.0,17.0,142.0,SE,11.2,9.4,DRY,,9999.0,,Sunny,708.6181813350959,sunny.gif
2025-04-27 14:24,8.4,17.2,0.0,0.0,1026.11,56.0,524.5,17.2,5.0,17.2,160.0,S,9.4,7.9,DRY,,9999.0,,Mostly Sunny,703.5688437409768,mostly_sunny.gif
2025-04-27 14:29,9.1,17.5,0.0,0.0,1026.11,58.0,449.9,17.5,4.0,17.5,98.0,E,7.2,6.1,DRY,,9999.0,,Partly Cloudy,698.2239313039269,partly_cloudy.gif
2025-04-27 14:34,9.3,17.4,0.0,0.0,1026.11,59.0,490.8,17.4,4.0,17.4,61.0,NE,3.6,2.9,DRY,,9999.0,,Mostly Sunny,692.586105601879,mostly_sunny.gif
2025-04-27 14:39,9.3,17.7,0.0,0.0,1026.11,58.0,642.9,17.7,6.0,17.7,26.0,NE,5.4,3.6,DRY,,9999.0,,Sunny,686.658176394721,sunny.gif
2025-04-27 14:44,8.9,18.1,0.0,0.0,1026.01,55.0,678.4,18.1,6.0,18.1,154.0,SE,9.4,7.9,DRY,,9999.0,,Sunny,680.443100781719,sunny.gif
2025-04-27 14:49,9.4,18.6,0.0,0.0,1026.01,55.0,680.5,18.6,6.0,18.6,168.0,S,11.2,6.5,DRY,,9999.0,,Sunny,673.9439823402802,sunny.gif
2025-04-27 14:54,8.8,18.0,0.0,0.0,1025.91,55.0,544.4,18.0,5.0,18.0,147.0,SE,14.8,11.2,DRY,,9999.0,,Mostly Sunny,667.1640702645293,mostly_sunny.gif
2025-04-27 14:59,9.2,17.8,0.0,0.0,1025.91,57.0,584.0,17.8,5.0,17.8,102.0,E,5.4,3.2,DRY,,9999.0,,Sunny,660.1067584772187,sunny.gif
2025-04-27 15:04,8.5,17.9,0.0,0.0,1025.7,54.0,468.9,17.9,4.0,17.9,121.0,SE,11.2,8.6,DRY,,9999.0,,Mostly Sunny,652.7755847624601,mostly_sunny.gif
2025-04-27 15:09,9.5,17.6,0.0,0.0,1025.8,59.0,254.3,17.6,2.0,17.6,36.0,NE,5.4,4.7,DRY,,9999.0,,Mostly Cloudy,645.1742298851708,mostly_cloudy.gif
2025-04-27 15:14,8.7,17.3,0.0,0.0,1025.91,57.0,607.9,17.3,5.0,17.3,55.0,NE,5.4,4.3,DRY,,9999.0,,Sunny,637.3065167480052,sunny.gif
2025-04-27 15:19,8.7,17.6,0.0,0.0,1025.8,56.0,306.1,17.6,2.0,17.6,57.0,NE,14.8,9.0,DRY,,9999.0,,Partly Cloudy,629.1764095536947,partly_cloudy.gif
2025-04-27 15:24,9.4,17.5,0.0,0.0,1025.91,59.0,182.5,17.5,1.0,17.5,127.0,SE,18.4,13.7,DRY,,9999.0,,Cloudy,620.7880130247402,cloudy.gif
2025-04-27 15:29,8.6,17.7,0.0,0.0,1025.8,55.0,544.3,17.7,5.0,17.7,124.0,SE,9.4,7.9,DRY,,9999.0,,Sunny,612.1455716603906,sunny.gif
2025-04-27 15:34,9.5,18.1,0.0,0.0,1025.6,57.0,551.2,18.1,5.0,18.1,122.0,SE,14.8,11.9,DRY,,9999.0,,Sunny,603.2534690584783,sunny.gif
2025-04-27 15:39,9.7,18.1,0.0,0.0,1025.5,58.0,479.5,18.1,4.0,18.1,55.0,NE,11.2,8.6,DRY,,9999.0,,Mostly Sunny,594.1162273318126,mostly_sunny.gif
2025-04-27 15:44,8.4,17.8,0.0,0.0,1025.4,54.0,233.8,17.8,2.0,17.8,149.0,SE,13.0,11.2,DRY,,9999.0,,Mostly Cloudy,584.7385066049693,mostly_cloudy.gif
2025-04-27 15:49,8.6,18.0,0.0,0.0,1025.7,54.0,396.3,18.0,3.0,18.0,136.0,SE,5.4,5.0,DRY,,9999.0,,Mostly Sunny,575.1251046540542,mostly_sunny.gif
2025-04-27 15:54,8.3,18.6,0.0,0.0,1025.5,51.0,530.0,18.6,5.0,18.6,100.0,E,14.8,11.2,DRY,,9999.0,,Sunny,565.2809566717896,sunny.gif
2025-04-27 15:59,7.5,18.7,0.0,0.0,1025.8,48.0,505.6,18.7,4.0,18.7,138.0,SE,18.4,16.2,DRY,,9999.0,,Sunny,555.2111352288381,sunny.gif
2025-04-27 16:04,8.3,18.6,0.0,0.0,1025.6,51.0,505.7,18.6,4.0,18.6,117.0,SE,20.2,15.5,DRY,,9999.0,,Sunny,544.9208504218843,sunny.gif
2025-04-27 16:09,9.0,18.8,0.0,0.0,1025.6,53.0,482.9,18.8,4.0,18.8,136.0,SE,7.2,6.8,DRY,,9999.0,,Sunny,534.4154502877163,sunny.gif
2025-04-27 16:14,9.0,18.7,0.0,0.0,1025.5,53.0,497.0,18.7,4.0,18.7,112.0,E,5.4,5.0,DRY,,9999.0,,Sunny,523.7004214944262,sunny.gif
2025-04-27 16:19,8.3,18.6,0.0,0.0,1025.6,51.0,390.1,18.6,3.0,18.6,97.0,E,14.8,11.9,DRY,,9999.0,,Mostly Sunny,512.7813903745838,mostly_sunny.gif
2025-04-27 16:24,7.3,18.2,0.0,0.0,1025.6,49.0,231.9,18.2,2.0,18.2,175.0,S,14.8,13.0,DRY,,9999.0,,Partly Cloudy,501.66412437423963,partly_cloudy.gif
2025-04-27 16:29,7.0,18.2,0.0,0.0,1025.4,48.0,442.9,18.2,4.0,18.2,163.0,S,11.2,7.9,DRY,,9999.0,,Sunny,490.3545339550928,sunny.gif
2025-04-27 16:34,7.5,18.7,0.0,0.0,1025.4,48.0,459.5,18.7,4.0,18.7,142.0,SE,18.4,15.5,DRY,,9999.0,,Sunny,478.85867507496096,sunny.gif
2025-04-27 16:39,7.5,18.7,0.0,0.0,1025.4,48.0,295.0,18.7,2.0,18.7,149.0,SE,14.8,13.7,DRY,,9999.0,,Partly Cloudy,467.1827523021009,partly_cloudy.gif
2025-04-27 16:44,7.5,18.7,0.0,0.0,1025.4,48.0,264.8,18.7,2.0,18.7,112.0,E,13.0,9.7,DRY,,9999.0,,Partly Cloudy,455.3331227236855,partly_cloudy.gif
2025-04-27 16:49,7.3,18.2,0.0,0.0,1025.3,49.0,151.9,18.2,1.0,18.2,201.0,S,9.4,7.2,DRY,,9999.0,,Cloudy,443.3163007446185,cloudy.gif
2025-04-27 16:54,7.7,18.3,0.0,0.0,1025.5,50.0,237.8,18.3,2.0,18.3,146.0,SE,14.8,10.4,DRY,,9999.0,,Partly Cloudy,431.13896398551657,partly_cloudy.gif
2025-04-27 16:59,8.1,18.4,0.0,0.0,1025.5,51.0,279.5,18.4,2.0,18.4,109.0,E,11.2,10.4,DRY,,9999.0,,Mostly Sunny,418.8079604464026,mostly_sunny.gif
2025-04-27 17:04,7.1,18.3,0.0,0.0,1025.5,48.0,137.7,18.3,1.0,18.3,149.0,SE,13.0,11.2,DRY,,9999.0,,Cloudy,406.3303171912503,cloudy.gif
2025-04-27 17:09,7.4,18.0,0.0,0.0,1025.5,50.0,155.9,18.0,1.0,18.0,144.0,SE,11.2,8.6,DRY,,9999.0,,Mostly Cloudy,393.71325086046545,mostly_cloudy.gif
2025-04-27 17:14,8.6,18.0,0.0,0.0,1025.2,54.0,151.8,18.0,1.0,18.0,129.0,SE,7.2,7.2,DRY,,9999.0,,Mostly Cloudy,380.96418033355263,mostly_cloudy.gif
2025-04-27 17:19,7.9,18.2,0.0,0.0,1025.3,51.0,128.8,18.2,1.0,18.2,128.0,SE,14.8,13.0,DRY,,9999.0,,Cloudy,368.0907420216465,cloudy.gif
2025-04-27 17:24,8.6,17.8,0.0,0.0,1025.5,55.0,104.0,17.8,1.0,17.8,98.0,E,9.4,7.9,DRY,,9999.0,,Cloudy,355.1008082828848,cloudy.gif
2025-04-27 17:29,9.4,18.0,0.0,0.0,1025.3,57.0,213.1,18.0,2.0,18.0,79.0,E,7.2,6.5,DRY,,9999.0,,Partly Cloudy,342.00250966974187,partly_cloudy.gif
2025-04-27 17:34,9.8,18.2,0.0,0.0,1025.4,58.0,182.2,18.2,1.0,18.2,106.0,E,7.2,6.5,DRY,,9999.0,,Partly Cloudy,328.80426179057366,partly_cloudy.gif
2025-04-27 17:39,8.9,18.4,0.0,0.0,1025.5,54.0,261.7,18.4,2.0,18.4,114.0,SE,9.4,7.6,DRY,,9999.0,,Mostly Sunny,315.5147978632945,mostly_sunny.gif
2025-04-27 17:44,7.6,18.5,0.0,0.0,1025.3,49.0,243.8,18.5,2.0,18.5,85.0,E,5.4,4.0,DRY,,9999.0,,Mostly Sunny,302.1432082292031,mostly_sunny.gif
2025-04-27 17:49,8.7,18.2,0.0,0.0,1025.5,54.0,89.8,18.2,0.0,18.2,118.0,SE,13.0,9.7,DRY,,9999.0,,Cloudy,288.69898849217196,cloudy.gif
2025-04-27 17:54,8.2,17.6,0.0,0.0,1025.6,54.0,61.9,17.6,0.0,17.6,96.0,E,13.0,9.0,DRY,,9999.0,,Cloudy,275.19209840520256,cloudy.gif
2025-04-27 17:59,8.8,17.1,0.0,0.0,1025.6,58.0,59.9,17.1,0.0,17.1,116.0,SE,7.2,6.1,DRY,,9999.0,,Cloudy,261.6330341781905,cloudy.gif
2025-04-27 18:04,9.5,16.8,0.0,0.0,1025.5,62.0,63.7,16.8,0.0,16.8,113.0,SE,3.6,3.6,DRY,,9999.0,,Mostly Cloudy,248.032917760556,mostly_cloudy.gif
2025-04-27 18:09,8.9,16.7,0.0,0.0,1025.6,60.0,62.5,16.7,0.0,16.7,106.0,E,5.4,4.0,DRY,,9999.0,,Mostly Cloudy,234.4036076356521,mostly_cloudy.gif
2025-04-27 18:14,9.9,17.0,0.0,0.0,1025.5,63.0,57.9,17.0,0.0,17.0,90.0,E,1.8,1.4,DRY,,9999.0,,Mostly Cloudy,220.75783720674664,mostly_cloudy.gif
2025-04-27 18:19,7.5,17.4,0.0,0.0,1025.6,52.0,57.4,17.4,0.0,17.4,109.0,E,5.4,4.7,DRY,,9999.0,,Mostly Cloudy,207.1093887446846,mostly_cloudy.gif
2025-04-27 18:24,9.1,17.7,0.0,0.0,1025.6,57.0,55.0,17.7,0.0,17.7,131.0,SE,9.4,7.6,DRY,,9999.0,,Mostly Cloudy,193.47331368891187,mostly_cloudy.gif
2025-04-27 18:29,8.0,17.7,0.0,0.0,1025.6,53.0,54.7,17.7,0.0,17.7,132.0,SE,7.2,7.2,DRY,,9999.0,,Mostly Cloudy,179.86621381612406,mostly_cloudy.gif
2025-04-27 18:34,8.0,17.7,0.0,0.0,1025.4,53.0,53.6,17.7,0.0,17.7,127.0,SE,11.2,9.4,DRY,,9999.0,,Mostly Cloudy,166.30660318692708,mostly_cloudy.gif
2025-04-27 18:39,7.6,17.6,0.0,0.0,1025.5,52.0,48.2,17.6,0.0,17.6,135.0,SE,11.2,8.3,DRY,,9999.0,,Mostly Cloudy,152.81537837584435,mostly_cloudy.gif
2025-04-27 18:44,8.7,17.5,0.0,0.0,1025.4,56.0,46.3,17.5,0.0,17.5,156.0,SE,7.2,6.5,DRY,,9999.0,,Mostly Cloudy,139.41643533569584,mostly_cloudy.gif
2025-04-27 18:49,7.3,17.5,0.0,0.0,1025.4,51.0,44.8,17.5,0.0,17.5,145.0,SE,13.0,9.4,DRY,,9999.0,,Partly Cloudy,126.13748710991105,partly_cloudy.gif
2025-04-27 18:54,7.4,17.3,0.0,0.0,1025.6,52.0,45.0,17.3,0.0,17.3,122.0,SE,14.8,13.0,DRY,,9999.0,,Partly Cloudy,113.011159567684,partly_cloudy.gif
2025-04-27 18:59,7.6,17.2,0.0,0.0,1025.8,53.0,39.0,17.2,0.0,17.2,138.0,SE,9.4,8.3,DRY,,9999.0,,Partly Cloudy,100.07647630808631,partly_cloudy.gif
2025-04-27 19:04,7.6,17.2,0.0,0.0,1025.6,53.0,36.2,17.2,0.0,17.2,135.0,SE,9.4,9.0,DRY,,9999.0,,Partly Cloudy,90.10327865913877,partly_cloudy.gif
2025-04-27 19:09,7.6,17.0,0.0,0.0,1025.6,54.0,33.2,17.0,0.0,17.0,116.0,SE,11.2,9.4,DRY,,9999.0,,Partly Cloudy,82.20359437477616,partly_cloudy.gif
2025-04-27 19:14,8.0,16.8,0.0,0.0,1025.6,56.0,30.5,16.8,0.0,16.8,137.0,SE,5.4,5.4,DRY,,9999.0,,Partly Cloudy,74.3251395279838,partly_cloudy.gif
2025-04-27 19:19,7.1,16.7,0.0,0.0,1025.7,53.0,27.5,16.7,0.0,16.7,142.0,SE,7.2,6.8,DRY,,9999.0,,Partly Cloudy,66.47543002108738,partly_cloudy.gif
2025-04-27 19:24,7.6,16.7,0.0,0.0,1025.8,55.0,24.4,16.7,0.0,16.7,134.0,SE,9.4,7.6,DRY,,9999.0,,Partly Cloudy,58.663138247979,partly_cloudy.gif
2025-04-27 19:29,7.7,16.5,0.0,0.0,1025.91,56.0,21.4,16.5,0.0,16.5,140.0,SE,3.6,3.6,DRY,,9999.0,,Partly Cloudy,50.89856220009028,partly_cloudy.gif
2025-04-27 19:34,7.8,16.3,0.0,0.0,1025.91,57.0,18.3,16.3,0.0,16.3,115.0,SE,3.6,3.6,DRY,,9999.0,,Partly Cloudy,43.196917567179895,partly_cloudy.gif
2025-04-27 19:39,8.4,15.9,0.0,0.0,1025.8,61.0,14.4,15.9,0.0,15.9,112.0,E,3.6,2.2,DRY,,9999.0,,Partly Cloudy,35.58884203805956,partly_cloudy.gif
2025-04-27 19:44,8.1,15.8,0.0,0.0,1025.8,60.0,11.3,15.8,0.0,15.8,115.0,SE,1.8,1.8,DRY,,9999.0,,Partly Cloudy,28.0870349633519,partly_cloudy.gif
2025-04-27 19:49,8.1,15.8,0.0,0.0,1026.11,60.0,8.8,15.8,0.0,15.8,116.0,SE,0.0,0.0,DRY,,9999.0,,Partly Cloudy,20.728660157118398,partly_cloudy.gif
2025-04-27 19:54,7.9,15.4,0.0,0.0,1026.31,61.0,6.6,15.4,0.0,15.4,115.0,SE,0.0,0.0,DRY,,9999.0,,Partly Cloudy,13.570233390184505,partly_cloudy.gif
2025-04-27 19:59,8.0,15.2,0.0,0.0,1026.21,62.0,4.5,15.2,0.0,15.2,225.0,SW,0.0,0.0,DRY,,9999.0,,Mostly Sunny,6.686416259098241,mostly_sunny.gif
2025-04-27 20:04,8.0,15.0,0.0,0.0,1026.01,63.0,2.8,15.0,0.0,15.0,226.0,SW,0.0,0.0,DRY,,9999.0,,Cloudy,0.16868973120747907,cloudy.gif
2025-04-27 20:09,8.4,14.7,0.0,0.0,1026.21,66.0,1.6,14.7,0.0,14.7,225.0,SW,0.0,0.0,DRY,,9999.0,,Twilight,0.0,cloudy.gif
2025-04-27 20:14,8.2,14.3,0.0,0.0,1026.41,67.0,0.9,14.3,0.0,14.3,226.0,SW,0.0,0.0,DRY,,9999.0,,Twilight,0.0,cloudy.gif
2025-04-27 20:19,8.3,13.6,0.0,0.0,1026.41,70.0,0.4,13.6,0.0,13.6,226.0,SW,0.0,0.0,DRY,,9999.0,,Twilight,0.0,cloudy.gif
2025-04-27 20:24,8.6,12.9,0.0,0.0,1026.41,75.0,0.2,12.9,0.0,12.9,226.0,SW,0.0,0.0,DRY,,9999.0,,Twilight,0.0,cloudy.gif
2025-04-27 20:29,8.3,12.8,0.0,0.0,1026.41,74.0,0.1,12.8,0.0,12.8,225.0,SW,0.0,0.0,DRY,,9999.0,,Twilight,0.0,cloudy.gif
2025-04-27 20:34,8.3,12.6,0.0,0.0,1026.58,75.0,0.0,12.6,0.0,12.6,226.0,SW,0.0,0.0,DRY,,9999.0,,Twilight,0.0,cloudy.gif
2025-04-27 20:39,8.0,12.1,0.0,0.0,1026.69,76.0,0.0,12.1,0.0,12.1,226.0,SW,0.0,0.0,DRY,,9999.0,,Night,0.0,night.gif
2025-04-27 20:44,8.1,12.0,0.0,0.0,1026.79,77.0,0.0,12.0,0.0,12.0,226.0,SW,0.0,0.0,DRY,,9999.0,,Night,0.0,night.gif
2025-04-27 20:49,8.5,12.0,0.0,0.0,1026.69,79.0,0.0,12.0,0.0,12.0,227.0,SW,1.8,1.1,DRY,,9999.0,,Night,0.0,night.gif
2025-04-27 20:54,8.5,12.0,0.0,0.0,1027.19,79.0,0.0,12.0,0.0,12.0,226.0,SW,0.0,0.0,DRY,,9999.0,,Night,0.0,night.gif
2025-04-27 20:59,7.9,11.6,0.0,0.0,1026.99,78.0,0.0,11.6,0.0,11.6,226.0,SW,0.0,0.0,DRY,,9999.0,,Night,0.0,night.gif
2025-04-27 21:04,7.9,11.8,0.0,0.0,1027.4,77.0,0.0,11.8,0.0,11.8,226.0,SW,0.0,0.0,DRY,,9999.0,,Night,0.0,night.gif
2025-04-27 21:09,7.7,11.6,0.0,0.0,1027.19,77.0,0.0,11.6,0.0,11.6,226.0,SW,1.8,0.4,DRY,,9999.0,,Night,0.0,night.gif
2025-04-27 21:14,7.9,12.2,0.0,0.0,1027.29,75.0,0.0,12.2,0.0,12.2,251.0,W,3.6,2.9,DRY,,9999.0,,Night,0.0,night.gif
2025-04-27 21:19,8.0,12.1,0.0,0.0,1027.5,76.0,0.0,12.1,0.0,12.1,241.0,SW,3.6,3.6,DRY,,9999.0,,Night,0.0,night.gif
2025-04-27 21:24,7.8,12.1,0.0,0.0,1027.4,75.0,0.0,12.1,0.0,12.1,210.0,SW,1.8,1.8,DRY,,9999.0,,Night,0.0,night.gif
2025-04-27 21:29,8.1,12.0,0.0,0.0,1027.7,77.0,0.0,12.0,0.0,12.0,322.0,NW,3.6,3.6,DRY,,9999.0,,Night,0.0,night.gif
2025-04-27 21:34,8.0,10.8,0.0,0.0,1027.7,83.0,0.0,10.8,0.0,10.8,312.0,NW,3.6,3.6,DRY,,9999.0,,Night,0.0,night.gif
2025-04-27 21:39,8.0,10.6,0.0,0.0,1027.6,84.0,0.0,10.6,0.0,10.6,304.0,NW,1.8,1.4,DRY,,9999.0,,Night,0.0,night.gif
2025-04-27 21:44,8.0,10.6,0.0,0.0,1027.6,84.0,0.0,10.6,0.0,10.6,304.0,NW,0.0,0.0,DRY,,9999.0,,Night,0.0,night.gif
2025-04-27 21:49,7.8,10.6,0.0,0.0,1027.6,83.0,0.0,10.6,0.0,10.6,304.0,NW,0.0,0.0,DRY,,9999.0,,Night,0.0,night.gif
2025-04-27 21:54,8.0,10.8,0.0,0.0,1027.8,83.0,0.0,10.8,0.0,10.8,303.0,NW,0.0,0.0,DRY,,9999.0,,Night,0.0,night.gif
2025-04-27 21:59,8.0,10.4,0.0,0.0,1027.6,85.0,0.0,10.4,0.0,10.4,302.0,NW,0.0,0.0,DRY,,9999.0,,Night,0.0,night.gif
2025-04-27 22:04,7.9,10.0,0.0,0.0,1027.7,87.0,0.0,10.0,0.0,10.0,303.0,NW,1.8,1.8,DRY,,9999.0,,Night,0.0,night.gif
2025-04-27 22:09,7.8,10.0,0.0,0.0,1027.8,86.0,0.0,10.0,0.0,10.0,302.0,NW,0.0,0.0,DRY,,9999.0,,Night,0.0,night.gif
2025-04-27 22:14,7.6,9.4,0.0,0.0,1027.7,89.0,0.0,9.4,0.0,9.4,302.0,NW,1.8,1.4,DRY,,9999.0,,Night,0.0,night.gif
2025-04-27 22:19,7.6,9.4,0.0,0.0,1027.8,89.0,0.0,9.4,0.0,9.4,302.0,NW,1.8,0.7,DRY,,9999.0,,Night,0.0,night.gif
2025-04-27 22:24,7.7,9.5,0.0,0.0,1027.9,89.0,0.0,9.5,0.0,9.5,302.0,NW,1.8,0.7,DRY,,9999.0,,Night,0.0,night.gif
2025-04-27 22:29,7.6,9.2,0.0,0.0,1028.01,90.0,0.0,9.2,0.0,9.2,302.0,NW,3.6,2.5,DRY,,9999.0,,Night,0.0,night.gif
2025-04-27 22:34,7.2,8.5,0.0,0.0,1028.21,91.0,0.0,8.5,0.0,8.5,302.0,NW,1.8,0.4,DRY,,9999.0,,Night,0.0,night.gif
2025-04-27 22:39,7.5,8.7,0.0,0.0,1028.21,92.0,0.0,8.7,0.0,8.7,302.0,NW,0.0,0.0,DRY,,9999.0,,Night,0.0,night.gif
2025-04-27 22:44,7.6,8.8,0.0,0.0,1028.11,92.0,0.0,8.8,0.0,8.8,302.0,NW,1.8,1.4,DRY,,9999.0,,Night,0.0,night.gif
2025-04-27 22:49,7.6,8.8,0.0,0.0,1028.31,92.0,0.0,8.8,0.0,8.8,302.0,NW,1.8,0.4,DRY,,9999.0,,Night,0.0,night.gif
2025-04-27 22:54,7.5,8.7,0.0,0.0,1028.31,92.0,0.0,8.7,0.0,8.7,302.0,NW,0.0,0.0,DRY,,9999.0,,Night,0.0,night.gif
2025-04-27 22:59,7.0,8.2,0.0,0.0,1028.31,92.0,0.0,8.2,0.0,8.2,355.0,N,1.8,1.8,DRY,,9999.0,,Night,0.0,night.gif
2025-04-27 23:04,7.0,8.0,0.0,0.0,1028.41,94.0,0.0,8.0,0.0,8.0,354.0,N,1.8,0.4,DRY,,9999.0,,Night,0.0,night.gif
2025-04-27 23:09,7.1,8.1,0.0,0.0,1028.41,94.0,0.0,8.1,0.0,8.1,354.0,N,1.8,1.4,DRY,,9999.0,,Night,0.0,night.gif
2025-04-27 23:14,7.4,8.2,0.0,0.0,1028.51,95.0,0.0,8.2,0.0,8.2,353.0,N,1.8,1.4,DRY,,9999.0,,Night,0.0,night.gif
2025-04-27 23:19,7.3,8.1,0.0,0.0,1028.51,95.0,0.0,8.1,0.0,8.1,352.0,N,1.8,1.8,DRY,,9999.0,,Night,0.0,night.gif
2025-04-27 23:24,7.2,8.0,0.0,0.0,1028.62,95.0,0.0,8.0,0.0,8.0,350.0,N,3.6,2.2,DRY,,9999.0,,Night,0.0,night.gif
2025-04-27 23:29,6.9,7.7,0.0,0.0,1028.78,95.0,0.0,7.7,0.0,7.7,306.0,NW,0.0,0.0,DRY,,9999.0,,Night,0.0,night.gif
2025-04-27 23:34,7.4,7.9,0.0,0.0,1028.62,96.0,0.0,7.9,0.0,7.9,305.0,NW,1.8,1.8,DRY,,9999.0,,Night,0.0,night.gif
2025-04-27 23:39,7.1,7.6,0.0,0.0,1028.78,96.0,0.0,7.6,0.0,6.9,314.0,NW,5.4,5.4,DRY,,9999.0,,Night,0.0,night.gif
2025-04-27 23:44,6.9,7.7,0.0,0.0,1028.72,95.0,0.0,7.7,0.0,7.7,45.0,NE,1.8,0.4,DRY,,9999.0,,Night,0.0,night.gif
2025-04-27 23:49,7.0,7.8,0.0,0.0,1028.62,95.0,0.0,7.8,0.0,7.8,314.0,NW,0.0,0.0,DRY,,9999.0,,Night,0.0,night.gif
2025-04-27 23:54,7.1,7.9,0.0,0.0,1028.78,95.0,0.0,7.9,0.0,7.9,313.0,NW,3.6,2.5,DRY,,9999.0,,Night,0.0,night.gif
2025-04-27 23:59,6.5,7.3,0.0,0.0,1028.72,95.0,0.0,7.3,0.0,7.3,31.0,NE,0.0,0.0,DRY,,9999.0,,Night,0.0,night.gif
2025-04-28 00:04,7.2,8.0,0.0,0.0,1028.72,95.0,0.0,8.0,0.0,8.0,1.0,N,0.0,0.0,DRY,,9999.0,,Night,0.0,night.gif
2025-04-28 00:09,6.9,7.7,0.0,0.0,1028.89,95.0,0.0,7.7,0.0,7.7,1.0,N,1.8,0.7,DRY,,9999.0,,Night,0.0,night.gif
2025-04-28 00:14,6.8,7.6,0.0,0.0,1028.78,95.0,0.0,7.6,0.0,7.6,359.0,N,1.8,1.4,DRY,,9999.0,,Night,0.0,night.gif
2025-04-28 00:19,6.7,7.5,0.0,0.0,1028.99,95.0,0.0,7.5,0.0,7.5,0.0,N,1.8,0.4,DRY,,9999.0,,Night,0.0,night.gif
2025-04-28 00:24,6.3,7.1,0.0,0.0,1028.89,95.0,0.0,7.1,0.0,7.1,0.0,N,0.0,0.0,DRY,,9999.0,,Night,0.0,night.gif
2025-04-28 00:29,6.5,7.0,0.0,0.0,1028.78,96.0,0.0,7.0,0.0,7.0,359.0,N,1.8,1.8,DRY,,9999.0,,Night,0.0,night.gif
2025-04-28 00:39,6.5,7.0,0.0,0.0,1028.78,96.0,0.0,7.0,0.0,7.0,355.0,N,1.8,0.7,DRY,,9999.0,,Night,0.0,night.gif
2025-04-28 00:44,6.2,6.7,0.0,0.0,1028.78,96.0,0.0,6.7,0.0,6.7,356.0,N,1.8,0.7,DRY,,9999.0,,Night,0.0,night.gif
2025-04-28 00:49,6.6,7.1,0.0,0.0,1028.89,96.0,0.0,7.1,0.0,7.1,353.0,N,3.6,2.2,DRY,,9999.0,,Night,0.0,night.gif
2025-04-28 00:54,6.2,6.6,0.0,0.0,1028.89,97.0,0.0,6.6,0.0,6.6,345.0,N,3.6,2.9,DRY,,9999.0,,Night,0.0,night.gif
2025-04-28 00:59,6.2,6.6,0.0,0.0,1028.78,97.0,0.0,6.6,0.0,6.6,343.0,N,0.0,0.0,DRY,,9999.0,,Night,0.0,night.gif
2025-04-28 01:04,6.0,6.4,0.0,0.0,1028.78,97.0,0.0,6.4,0.0,6.4,343.0,N,0.0,0.0,DRY,,9999.0,,Night,0.0,night.gif
2025-04-28 01:09,6.2,6.6,0.0,0.0,1028.89,97.0,0.0,6.6,0.0,6.6,343.0,N,1.8,1.8,DRY,,9999.0,,Night,0.0,night.gif
2025-04-28 01:14,6.1,6.5,0.0,0.0,1028.78,97.0,0.0,6.5,0.0,6.5,343.0,N,0.0,0.0,DRY,,9999.0,,Night,0.0,night.gif
2025-04-28 01:19,6.1,6.5,0.0,0.0,1028.89,97.0,0.0,6.5,0.0,6.5,343.0,N,3.6,2.5,DRY,,9999.0,,Night,0.0,night.gif
2025-04-28 01:24,6.0,6.4,0.0,0.0,1028.72,97.0,0.0,6.4,0.0,6.4,337.0,NW,1.8,1.8,DRY,,9999.0,,Night,0.0,night.gif
2025-04-28 01:29,5.9,6.3,0.0,0.0,1028.72,97.0,0.0,6.3,0.0,6.3,337.0,NW,1.8,1.8,DRY,,9999.0,,Night,0.0,night.gif
2025-04-28 01:34,5.6,6.0,0.0,0.0,1028.62,97.0,0.0,6.0,0.0,6.0,337.0,NW,0.0,0.0,DRY,,9999.0,,Night,0.0,night.gif
2025-04-28 01:39,5.9,6.3,0.0,0.0,1028.72,97.0,0.0,6.3,0.0,6.3,337.0,NW,1.8,1.8,DRY,,9999.0,,Night,0.0,night.gif
2025-04-28 01:44,5.8,6.2,0.0,0.0,1028.78,97.0,0.0,6.2,0.0,6.2,337.0,NW,1.8,1.8,DRY,,9999.0,,Night,0.0,night.gif
2025-04-28 01:49,5.7,6.1,0.0,0.0,1028.62,97.0,0.0,6.1,0.0,6.1,337.0,NW,0.0,0.0,DRY,,9999.0,,Night,0.0,night.gif
2025-04-28 01:54,5.8,6.1,0.0,0.0,1028.51,98.0,0.0,6.1,0.0,6.1,337.0,NW,1.8,0.7,DRY,,9999.0,,Night,0.0,night.gif
2025-04-28 01:59,6.2,6.5,0.0,0.0,1028.41,98.0,0.0,6.5,0.0,6.5,337.0,NW,3.6,2.5,DRY,,9999.0,,Night,0.0,night.gif
2025-04-28 02:04,6.0,6.3,0.0,0.0,1028.62,98.0,0.0,6.3,0.0,6.3,337.0,NW,1.8,1.8,DRY,,9999.0,,Night,0.0,night.gif
2025-04-28 02:09,5.9,6.2,0.0,0.0,1028.62,98.0,0.0,6.2,0.0,6.2,337.0,NW,0.0,0.0,DRY,,9999.0,,Night,0.0,night.gif
2025-04-28 02:14,5.8,6.1,0.0,0.0,1028.51,98.0,0.0,6.1,0.0,6.1,337.0,NW,1.8,0.4,DRY,,9999.0,,Night,0.0,night.gif
2025-04-28 02:19,5.8,6.1,0.0,0.0,1028.72,98.0,0.0,6.1,0.0,6.1,337.0,NW,1.8,1.1,DRY,,9999.0,,Night,0.0,night.gif
2025-04-28 02:24,5.3,5.6,0.0,0.0,1028.51,98.0,0.0,5.6,0.0,5.6,337.0,NW,0.0,0.0,DRY,,9999.0,,Night,0.0,night.gif
2025-04-28 02:29,4.9,5.2,0.0,0.0,1028.31,98.0,0.0,5.2,0.0,5.2,337.0,NW,1.8,1.4,DRY,,9999.0,,Night,0.0,night.gif
2025-04-28 02:34,5.2,5.5,0.0,0.0,1028.51,98.0,0.0,5.5,0.0,5.5,337.0,NW,0.0,0.0,DRY,,9999.0,,Night,0.0,night.gif
2025-04-28 02:39,5.5,5.8,0.0,0.0,1028.31,98.0,0.0,5.8,0.0,5.8,337.0,NW,1.8,1.1,DRY,,9999.0,,Night,0.0,night.gif
2025-04-28 02:44,5.4,5.7,0.0,0.0,1028.41,98.0,0.0,5.7,0.0,5.7,337.0,NW,0.0,0.0,DRY,,9999.0,,Night,0.0,night.gif
2025-04-28 02:49,5.3,5.6,0.0,0.0,1028.21,98.0,0.0,5.6,0.0,5.6,337.0,NW,0.0,0.0,DRY,,9999.0,,Night,0.0,night.gif
2025-04-28 02:54,5.2,5.5,0.0,0.0,1028.41,98.0,0.0,5.5,0.0,5.5,337.0,NW,0.0,0.0,DRY,,9999.0,,Night,0.0,night.gif
2025-04-28 02:59,5.1,5.4,0.0,0.0,1028.41,98.0,0.0,5.4,0.0,5.4,337.0,NW,0.0,0.0,DRY,,9999.0,,Night,0.0,night.gif
2025-04-28 03:04,5.0,5.3,0.0,0.0,1028.41,98.0,0.0,5.3,0.0,5.3,337.0,NW,3.6,2.2,DRY,,9999.0,,Night,0.0,night.gif
2025-04-28 03:09,4.6,4.9,0.0,0.0,1028.31,98.0,0.0,4.9,0.0,4.9,336.0,NW,1.8,1.8,DRY,,9999.0,,Night,0.0,night.gif
2025-04-28 03:14,4.6,4.9,0.0,0.0,1028.41,98.0,0.0,4.9,0.0,4.9,337.0,NW,1.8,1.8,DRY,,9999.0,,Night,0.0,night.gif
2025-04-28 03:19,4.9,5.2,0.0,0.0,1028.41,98.0,0.0,5.2,0.0,5.2,337.0,NW,0.0,0.0,DRY,,9999.0,,Night,0.0,night.gif
2025-04-28 03:24,5.5,5.8,0.0,0.0,1028.41,98.0,0.0,5.8,0.0,5.8,336.0,NW,1.8,1.8,DRY,,9999.0,,Night,0.0,night.gif
2025-04-28 03:29,4.7,5.0,0.0,0.0,1028.41,98.0,0.0,5.0,0.0,5.0,337.0,NW,0.0,0.0,DRY,,9999.0,,Night,0.0,night.gif
2025-04-28 03:34,5.1,5.4,0.0,0.0,1028.31,98.0,0.0,5.4,0.0,5.4,337.0,NW,1.8,1.4,DRY,,9999.0,,Night,0.0,night.gif
2025-04-28 03:39,5.2,5.5,0.0,0.0,1028.41,98.0,0.0,5.5,0.0,5.5,336.0,NW,1.8,1.8,DRY,,9999.0,,Night,0.0,night.gif
2025-04-28 03:44,5.0,5.3,0.0,0.0,1028.51,98.0,0.0,5.3,0.0,5.3,337.0,NW,0.0,0.0,DRY,,9999.0,,Night,0.0,night.gif
2025-04-28 03:49,5.1,5.4,0.0,0.0,1028.31,98.0,0.0,5.4,0.0,5.4,337.0,NW,1.8,1.8,DRY,,9999.0,,Night,0.0,night.gif
2025-04-28 03:54,4.9,5.2,0.0,0.0,1028.41,98.0,0.0,5.2,0.0,5.2,337.0,NW,0.0,0.0,DRY,,9999.0,,Night,0.0,night.gif
2025-04-28 03:59,4.4,4.7,0.0,0.0,1028.31,98.0,0.0,4.7,0.0,4.7,337.0,NW,1.8,1.8,DRY,,9999.0,,Night,0.0,night.gif
2025-04-28 04:04,4.1,4.3,0.0,0.0,1028.31,99.0,0.0,4.3,0.0,4.3,337.0,NW,1.8,0.7,DRY,,9999.0,,Night,0.0,night.gif
2025-04-28 04:09,4.8,5.0,0.0,0.0,1028.31,99.0,0.0,5.0,0.0,5.0,337.0,NW,5.4,4.0,DRY,,9999.0,,Night,0.0,night.gif
2025-04-28 04:14,4.5,4.8,0.0,0.0,1028.41,98.0,0.0,4.8,0.0,4.8,337.0,NW,0.0,0.0,DRY,,9999.0,,Night,0.0,night.gif
2025-04-28 04:19,4.4,4.6,0.0,0.0,1028.41,99.0,0.0,4.6,0.0,4.6,337.0,NW,1.8,0.4,DRY,,9999.0,,Night,0.0,night.gif
2025-04-28 04:24,4.8,5.0,0.0,0.0,1028.51,99.0,0.0,5.0,0.0,5.0,337.0,NW,0.0,0.0,DRY,,9999.0,,Night,0.0,night.gif
2025-04-28 04:29,4.5,4.7,0.0,0.0,1028.51,99.0,0.0,4.7,0.0,4.7,337.0,NW,0.0,0.0,DRY,,9999.0,,Night,0.0,night.gif
2025-04-28 04:34,4.5,4.7,0.0,0.0,1028.62,99.0,0.0,4.7,0.0,4.7,337.0,NW,1.8,1.8,DRY,,9999.0,,Night,0.0,night.gif
2025-04-28 04:39,4.3,4.5,0.0,0.0,1028.51,99.0,0.0,4.5,0.0,4.5,337.0,NW,1.8,0.7,DRY,,9999.0,,Night,0.0,night.gif
2025-04-28 04:44,4.5,4.7,0.0,0.0,1028.51,99.0,0.0,4.7,0.0,4.7,337.0,NW,1.8,1.8,DRY,,9999.0,,Night,0.0,night.gif
2025-04-28 04:49,4.4,4.6,0.0,0.0,1028.62,99.0,0.0,4.6,0.0,4.6,336.0,NW,1.8,1.8,DRY,,9999.0,,Night,0.0,night.gif
2025-04-28 04:54,4.4,4.6,0.0,0.0,1028.51,99.0,0.0,4.6,0.0,4.6,321.0,NW,3.6,3.2,DRY,,9999.0,,Night,0.0,night.gif
2025-04-28 04:59,4.3,4.5,0.0,0.0,1028.51,99.0,0.0,4.5,0.0,4.5,319.0,NW,3.6,2.2,DRY,,9999.0,,Night,0.0,night.gif
2025-04-28 05:04,4.4,4.6,0.0,0.0,1028.62,99.0,0.0,4.6,0.0,4.6,309.0,NW,0.0,0.0,DRY,,9999.0,,Night,0.0,night.gif
2025-04-28 05:09,4.3,4.5,0.0,0.0,1028.51,99.0,0.0,4.5,0.0,4.5,303.0,NW,1.8,0.7,DRY,,9999.0,,Night,0.0,night.gif
2025-04-28 05:14,4.2,4.4,0.0,0.0,1028.62,99.0,0.0,4.4,0.0,4.4,301.0,NW,1.8,1.1,DRY,,9999.0,,Night,0.0,night.gif
2025-04-28 05:19,3.9,4.1,0.0,0.0,1028.72,99.0,0.0,4.1,0.0,4.1,311.0,NW,1.8,1.1,DRY,,9999.0,,Night,0.0,night.gif
2025-04-28 05:24,3.7,3.9,0.0,0.0,1028.72,99.0,0.0,3.9,0.0,3.9,283.0,W,0.0,0.0,DRY,,9999.0,,Twilight,0.0,cloudy.gif
2025-04-28 05:29,4.1,4.3,0.0,0.0,1028.51,99.0,0.1,4.3,0.0,4.3,303.0,NW,0.0,0.0,DRY,,9999.0,,Twilight,0.0,cloudy.gif
2025-04-28 05:34,3.9,4.1,0.0,0.0,1028.72,99.0,0.2,4.1,0.0,4.1,309.0,NW,1.8,1.8,DRY,,9999.0,,Twilight,0.0,cloudy.gif
2025-04-28 05:39,4.6,4.8,0.0,0.0,1028.72,99.0,0.4,4.8,0.0,4.8,307.0,NW,1.8,1.4,DRY,,9999.0,,Twilight,0.0,cloudy.gif
2025-04-28 05:44,4.3,4.5,0.0,0.0,1028.62,99.0,0.9,4.5,0.0,4.5,309.0,NW,1.8,1.8,DRY,,9999.0,,Twilight,0.0,cloudy.gif
2025-04-28 05:49,4.0,4.2,0.0,0.0,1028.72,99.0,1.7,4.2,0.0,4.2,307.0,NW,1.8,1.1,DRY,,9999.0,,Twilight,0.0,cloudy.gif
2025-04-28 05:54,4.1,4.3,0.0,0.0,1028.78,99.0,2.9,4.3,0.0,4.3,254.0,W,0.0,0.0,DRY,,9999.0,,Twilight,0.0,cloudy.gif
2025-04-28 05:59,4.0,4.2,0.0,0.0,1028.89,99.0,4.5,4.2,0.0,4.2,307.0,NW,1.8,1.4,DRY,,9999.0,,Sunny,4.878780284341915,sunny.gif
2025-04-28 06:04,4.0,4.2,0.0,0.0,1028.78,99.0,6.7,4.2,0.0,4.2,309.0,NW,0.0,0.0,DRY,,9999.0,,Mostly Sunny,11.67812551599317,mostly_sunny.gif
2025-04-28 06:09,4.0,4.2,0.0,0.0,1028.99,99.0,9.0,4.2,0.0,4.2,309.0,NW,1.8,0.4,DRY,,9999.0,,Partly Cloudy,18.775848924240115,partly_cloudy.gif
2025-04-28 06:14,4.3,4.5,0.0,0.0,1028.89,99.0,11.5,4.5,0.0,4.5,283.0,W,1.8,1.4,DRY,,9999.0,,Partly Cloudy,26.092460921543637,partly_cloudy.gif
2025-04-28 06:19,4.2,4.4,0.0,0.0,1028.99,99.0,14.4,4.4,0.0,4.4,283.0,W,1.8,1.1,DRY,,9999.0,,Partly Cloudy,33.56631556033957,partly_cloudy.gif
2025-04-28 06:24,4.3,4.5,0.0,0.0,1028.89,99.0,17.3,4.5,0.0,4.5,283.0,W,1.8,1.1,DRY,,9999.0,,Partly Cloudy,41.154860602091055,partly_cloudy.gif
2025-04-28 06:29,4.5,4.7,0.0,0.0,1028.99,99.0,20.7,4.7,0.0,4.7,307.0,NW,1.8,0.7,DRY,,9999.0,,Partly Cloudy,48.8357538881064,partly_cloudy.gif
2025-04-28 06:34,4.4,4.6,0.0,0.0,1028.89,99.0,24.0,4.6,0.0,4.6,309.0,NW,1.8,1.1,DRY,,9999.0,,Partly Cloudy,56.59709265762858,partly_cloudy.gif
2025-04-28 06:39,4.6,4.8,0.0,0.0,1028.89,99.0,27.1,4.8,0.0,4.8,254.0,W,0.0,0.0,DRY,,9999.0,,Partly Cloudy,64.4051966832287,partly_cloudy.gif
2025-04-28 06:44,4.6,4.8,0.0,0.0,1028.78,99.0,30.7,4.8,0.0,4.8,301.0,NW,1.8,1.8,DRY,,9999.0,,Partly Cloudy,72.25361326965083,partly_cloudy.gif
2025-04-28 06:49,5.0,5.2,0.0,0.0,1028.89,99.0,34.4,5.2,0.0,5.2,301.0,NW,1.8,1.1,DRY,,9999.0,,Partly Cloudy,80.13329165390807,partly_cloudy.gif
2025-04-28 06:54,5.0,5.2,0.0,0.0,1029.09,99.0,37.9,5.2,0.0,5.2,301.0,NW,1.8,1.1,DRY,,9999.0,,Partly Cloudy,88.03643532844542,partly_cloudy.gif
2025-04-28 06:59,5.3,5.5,0.0,0.0,1028.89,99.0,41.4,5.5,0.0,5.5,301.0,NW,0.0,0.0,DRY,,9999.0,,Partly Cloudy,96.74630259287686,partly_cloudy.gif
2025-04-28 07:04,5.7,5.9,0.0,0.0,1028.99,99.0,44.7,5.9,0.0,5.9,307.0,NW,1.8,0.4,DRY,,9999.0,,Partly Cloudy,109.63853079618819,partly_cloudy.gif
2025-04-28 07:09,6.1,6.3,0.0,0.0,1029.09,99.0,48.5,6.3,0.0,6.3,309.0,NW,1.8,0.4,DRY,,9999.0,,Partly Cloudy,122.7348530683884,partly_cloudy.gif
2025-04-28 07:14,6.6,6.9,0.0,0.0,1029.19,98.0,52.4,6.9,0.0,6.9,254.0,W,0.0,0.0,DRY,,9999.0,,Partly Cloudy,135.99419321173858,partly_cloudy.gif
2025-04-28 07:19,6.7,7.0,0.0,0.0,1029.09,98.0,56.2,7.0,0.0,7.0,310.0,NW,0.0,0.0,DRY,,9999.0,,Partly Cloudy,149.38236316048472,partly_cloudy.gif
2025-04-28 07:24,6.8,7.2,0.0,0.0,1029.29,97.0,60.2,7.2,0.0,7.2,310.0,NW,0.0,0.0,DRY,,9999.0,,Partly Cloudy,162.8704467102705,partly_cloudy.gif
2025-04-28 07:29,7.4,7.8,0.0,0.0,1029.29,97.0,65.5,7.8,0.0,7.8,254.0,W,0.0,0.0,DRY,,9999.0,,Partly Cloudy,176.43361056574992,partly_cloudy.gif
2025-04-28 07:34,7.9,9.0,0.0,0.0,1029.29,93.0,71.0,9.0,0.0,9.0,307.0,NW,1.8,0.7,DRY,,9999.0,,Partly Cloudy,190.050219852005,partly_cloudy.gif
2025-04-28 07:39,7.3,9.0,0.0,0.0,1029.39,89.0,75.6,9.0,0.0,9.0,309.0,NW,1.8,0.4,DRY,,9999.0,,Partly Cloudy,203.70117280728127,partly_cloudy.gif
2025-04-28 07:44,7.6,9.5,0.0,0.0,1029.29,88.0,82.1,9.5,0.0,9.5,307.0,NW,0.0,0.0,DRY,,9999.0,,Partly Cloudy,217.36939509562367,partly_cloudy.gif
2025-04-28 07:49,7.3,9.2,0.0,0.0,1029.5,88.0,89.5,9.2,0.0,9.2,283.0,W,1.8,0.4,DRY,,9999.0,,Partly Cloudy,231.03945155599828,partly_cloudy.gif
2025-04-28 07:54,7.9,9.9,0.0,0.0,1029.39,88.0,96.6,9.9,0.0,9.9,310.0,NW,0.0,0.0,DRY,,9999.0,,Partly Cloudy,244.69724536490344,partly_cloudy.gif
2025-04-28 07:59,7.9,11.2,0.0,0.0,1029.09,80.0,105.6,11.2,1.0,11.2,309.0,NW,0.0,0.0,DRY,,9999.0,,Mostly Cloudy,258.32978286170726,mostly_cloudy.gif
2025-04-28 08:04,8.1,10.5,0.0,0.0,1029.09,85.0,115.7,10.5,1.0,10.5,309.0,NW,1.8,1.8,DRY,,9999.0,,Mostly Cloudy,271.9249882270626,mostly_cloudy.gif
2025-04-28 08:09,7.9,10.7,0.0,0.0,1029.19,83.0,125.5,10.7,1.0,10.7,309.0,NW,1.8,0.4,DRY,,9999.0,,Mostly Cloudy,285.4715563728546,mostly_cloudy.gif
2025-04-28 08:14,8.4,11.2,0.0,0.0,1029.09,83.0,135.3,11.2,1.0,11.2,113.0,SE,3.6,3.2,DRY,,9999.0,,Partly Cloudy,298.9588353260774,partly_cloudy.gif
2025-04-28 08:19,8.3,11.1,0.0,0.0,1029.19,83.0,145.6,11.1,1.0,11.1,81.0,E,1.8,1.4,DRY,,9999.0,,Partly Cloudy,312.37673164964906,partly_cloudy.gif
2025-04-28 08:24,8.5,11.5,0.0,0.0,1029.29,82.0,153.5,11.5,1.0,11.5,74.0,E,1.8,0.4,DRY,,9999.0,,Partly Cloudy,325.7156339090949,partly_cloudy.gif
2025-04-28 08:29,8.2,11.4,0.0,0.0,1029.19,81.0,161.2,11.4,1.0,11.4,102.0,E,1.8,0.4,DRY,,9999.0,,Partly Cloudy,338.9663504719336,partly_cloudy.gif
2025-04-28 08:34,8.3,11.8,0.0,0.0,1029.09,79.0,170.8,11.8,1.0,11.8,106.0,E,1.8,1.1,DRY,,9999.0,,Partly Cloudy,352.12005867899956,partly_cloudy.gif
2025-04-28 08:39,9.1,11.9,0.0,0.0,1029.29,83.0,185.8,11.9,1.0,11.9,111.0,E,1.8,1.4,DRY,,9999.0,,Partly Cloudy,365.1682631875554,partly_cloudy.gif
2025-04-28 08:44,8.6,12.5,0.0,0.0,1029.39,77.0,194.4,12.5,1.0,12.5,87.0,E,1.8,1.8,DRY,,9999.0,,Partly Cloudy,378.1027616795379,partly_cloudy.gif
2025-04-28 08:49,9.3,12.7,0.0,0.0,1029.39,80.0,209.6,12.7,2.0,12.7,103.0,E,3.6,2.2,DRY,,9999.0,,Partly Cloudy,390.91561656375194,partly_cloudy.gif
2025-04-28 08:54,8.9,13.2,0.0,0.0,1029.39,75.0,228.9,13.2,2.0,13.2,113.0,SE,1.8,1.1,DRY,,9999.0,,Partly Cloudy,403.59913158901156,partly_cloudy.gif
2025-04-28 08:59,9.0,13.7,0.0,0.0,1029.39,73.0,244.7,13.7,2.0,13.7,131.0,SE,1.8,1.8,DRY,,9999.0,,Partly Cloudy,416.14583244662066,partly_cloudy.gif
2025-04-28 09:04,9.0,14.6,0.0,0.0,1029.19,69.0,280.6,14.6,2.0,14.6,68.0,E,3.6,3.2,DRY,,9999.0,,Mostly Sunny,428.54845071120513,mostly_sunny.gif
2025-04-28 09:09,8.6,13.8,0.0,0.0,1029.29,71.0,359.0,13.8,3.0,13.8,55.0,NE,0.0,0.0,DRY,,9999.0,,Mostly Sunny,440.79991049593815,mostly_sunny.gif
2025-04-28 09:14,8.9,14.1,0.0,0.0,1029.19,71.0,385.8,14.1,3.0,14.1,47.0,NE,1.8,0.4,DRY,,9999.0,,Sunny,452.8933174152183,sunny.gif
2025-04-28 09:19,10.0,14.5,0.0,0.0,1029.09,74.0,380.4,14.5,3.0,14.5,24.0,NE,0.0,0.0,DRY,,9999.0,,Mostly Sunny,464.8219494237019,mostly_sunny.gif
2025-04-28 09:24,9.1,14.7,0.0,0.0,1029.29,69.0,392.1,14.7,3.0,14.7,67.0,NE,1.8,1.8,DRY,,9999.0,,Mostly Sunny,476.5792492750876,mostly_sunny.gif
2025-04-28 09:29,10.0,15.0,0.0,0.0,1029.29,72.0,404.8,15.0,3.0,15.0,86.0,E,1.8,1.4,DRY,,9999.0,,Mostly Sunny,488.1588183041235,mostly_sunny.gif
2025-04-28 09:34,9.6,15.2,0.0,0.0,1029.19,69.0,416.4,15.2,4.0,15.2,90.0,E,1.8,0.4,DRY,,9999.0,,Mostly Sunny,499.55441133789327,mostly_sunny.gif
2025-04-28 09:39,9.3,15.2,0.0,0.0,1029.19,68.0,424.9,15.2,4.0,15.2,331.0,NW,1.8,1.1,DRY,,9999.0,,Mostly Sunny,510.7599325777225,mostly_sunny.gif
2025-04-28 09:44,8.9,14.7,0.0,0.0,1029.19,68.0,438.7,14.7,4.0,14.7,0.0,N,0.0,0.0,DRY,,9999.0,,Mostly Sunny,521.7694322639936,mostly_sunny.gif
2025-04-28 09:49,9.3,15.2,0.0,0.0,1029.19,68.0,449.0,15.2,4.0,15.2,21.0,N,3.6,3.6,DRY,,9999.0,,Mostly Sunny,532.5771040522321,mostly_sunny.gif
2025-04-28 09:54,9.5,15.1,0.0,0.0,1028.99,69.0,460.0,15.1,4.0,15.1,52.0,NE,3.6,3.6,DRY,,9999.0,,Mostly Sunny,543.177282944895,mostly_sunny.gif
2025-04-28 09:59,8.5,15.3,0.0,0.0,1028.89,64.0,469.9,15.3,4.0,15.3,49.0,NE,1.8,1.4,DRY,,9999.0,,Mostly Sunny,553.5644437434031,mostly_sunny.gif
2025-04-28 10:04,9.7,15.8,0.0,0.0,1029.09,67.0,480.2,15.8,4.0,15.8,121.0,SE,1.8,1.1,DRY,,9999.0,,Sunny,563.7331998949071,sunny.gif
2025-04-28 10:09,8.7,16.2,0.0,0.0,1029.09,61.0,488.5,16.2,4.0,16.2,67.0,NE,1.8,1.4,DRY,,9999.0,,Sunny,573.6783027203808,sunny.gif
2025-04-28 10:14,9.0,16.3,0.0,0.0,1028.99,62.0,497.3,16.3,4.0,16.3,32.0,NE,1.8,0.4,DRY,,9999.0,,Sunny,583.39464093027,sunny.gif
2025-04-28 10:19,9.5,16.5,0.0,0.0,1028.89,63.0,506.7,16.5,4.0,16.5,96.0,E,3.6,3.6,DRY,,9999.0,,Sunny,592.8772403975767,sunny.gif
2025-04-28 10:24,9.0,16.0,0.0,0.0,1028.89,63.0,508.8,16.0,4.0,16.0,158.0,S,5.4,4.7,DRY,,9999.0,,Mostly Sunny,602.1212641643765,mostly_sunny.gif
2025-04-28 10:29,8.7,16.2,0.0,0.0,1028.89,61.0,519.4,16.2,5.0,16.2,123.0,SE,13.0,7.9,DRY,,9999.0,,Mostly Sunny,611.1220126082274,mostly_sunny.gif
2025-04-28 10:34,9.3,16.6,0.0,0.0,1028.99,62.0,526.7,16.6,5.0,16.6,146.0,SE,13.0,10.4,DRY,,9999.0,,Mostly Sunny,619.87492378734,mostly_sunny.gif
2025-04-28 10:39,8.9,16.4,0.0,0.0,1028.51,61.0,532.7,16.4,5.0,16.4,131.0,SE,7.2,6.5,DRY,,9999.0,,Mostly Sunny,628.3755738891521,mostly_sunny.gif
2025-04-28 10:44,9.6,16.2,0.0,0.0,1028.78,65.0,539.7,16.2,5.0,16.2,113.0,SE,9.4,7.2,DRY,,9999.0,,Mostly Sunny,636.6196778091518,mostly_sunny.gif
2025-04-28 10:49,9.4,16.2,0.0,0.0,1028.89,64.0,546.3,16.2,5.0,16.2,177.0,S,9.4,7.6,DRY,,9999.0,,Mostly Sunny,644.6030897915483,mostly_sunny.gif
2025-04-28 10:54,9.0,16.3,0.0,0.0,1028.78,62.0,551.9,16.3,5.0,16.3,157.0,SE,9.4,7.2,DRY,,9999.0,,Mostly Sunny,652.321804161822,mostly_sunny.gif
2025-04-28 10:59,9.1,16.6,0.0,0.0,1028.78,61.0,558.0,16.6,5.0,16.6,147.0,SE,14.8,11.2,DRY,,9999.0,,Mostly Sunny,659.7719560982464,mostly_sunny.gif
2025-04-28 11:04,9.2,16.8,0.0,0.0,1028.89,61.0,562.7,16.8,5.0,16.8,141.0,SE,11.2,10.1,DRY,,9999.0,,Mostly Sunny,666.9498224444478,mostly_sunny.gif
2025-04-28 11:09,9.5,16.6,0.0,0.0,1028.62,63.0,566.9,16.6,5.0,16.6,115.0,SE,11.2,9.4,DRY,,9999.0,,Mostly Sunny,673.851822566163,mostly_sunny.gif
2025-04-28 11:14,8.8,16.8,0.0,0.0,1028.62,59.0,573.5,16.8,5.0,16.8,151.0,SE,11.2,9.7,DRY,,9999.0,,Mostly Sunny,680.4745192048144,mostly_sunny.gif
2025-04-28 11:19,7.8,16.9,0.0,0.0,1028.72,55.0,573.9,16.9,5.0,16.9,139.0,SE,14.8,11.2,DRY,,9999.0,,Mostly Sunny,686.8146193646054,mostly_sunny.gif
2025-04-28 11:24,8.1,17.2,0.0,0.0,1028.62,55.0,578.1,17.2,5.0,17.2,156.0,SE,7.2,6.5,DRY,,9999.0,,Mostly Sunny,692.8689751781192,mostly_sunny.gif
2025-04-28 11:29,8.6,16.9,0.0,0.0,1028.51,58.0,583.6,16.9,5.0,16.9,149.0,SE,13.0,11.2,DRY,,9999.0,,Mostly Sunny,698.6345847899318,mostly_sunny.gif
2025-04-28 11:34,8.7,17.0,0.0,0.0,1028.62,58.0,584.7,17.0,5.0,17.0,123.0,SE,7.2,7.2,DRY,,9999.0,,Mostly Sunny,704.108593205416,mostly_sunny.gif
2025-04-28 11:39,9.5,17.3,0.0,0.0,1028.51,60.0,591.6,17.3,5.0,17.3,133.0,SE,11.2,9.7,DRY,,9999.0,,Mostly Sunny,709.2882931439262,mostly_sunny.gif
2025-04-28 11:44,8.7,17.5,0.0,0.0,1028.31,56.0,594.1,17.5,5.0,17.5,138.0,SE,11.2,9.7,DRY,,9999.0,,Mostly Sunny,714.1711258551084,mostly_sunny.gif
2025-04-28 11:49,8.6,17.7,0.0,0.0,1028.41,55.0,597.1,17.7,5.0,17.7,109.0,E,9.4,8.6,DRY,,9999.0,,Mostly Sunny,718.7546819085067,mostly_sunny.gif
2025-04-28 11:54,9.4,17.5,0.0,0.0,1028.51,59.0,598.8,17.5,5.0,17.5,114.0,SE,7.2,5.8,DRY,,9999.0,,Mostly Sunny,723.036701966363,mostly_sunny.gif
2025-04-28 11:59,9.9,17.8,0.0,0.0,1028.21,60.0,598.6,17.8,5.0,17.8,101.0,E,5.4,4.7,DRY,,9999.0,,Mostly Sunny,727.0150775007231,mostly_sunny.gif
2025-04-28 12:04,8.8,18.0,0.0,0.0,1028.21,55.0,603.6,18.0,5.0,18.0,125.0,SE,9.4,7.9,DRY,,9999.0,,Mostly Sunny,730.6878514953017,mostly_sunny.gif
2025-04-28 12:09,10.3,17.7,0.0,0.0,1028.31,62.0,607.0,17.7,5.0,17.7,178.0,S,5.4,5.4,DRY,,9999.0,,Mostly Sunny,734.0532190843949,mostly_sunny.gif
2025-04-28 12:14,8.1,17.8,0.0,0.0,1028.01,53.0,607.2,17.8,5.0,17.8,125.0,SE,18.4,16.9,DRY,,9999.0,,Mostly Sunny,737.1095281709635,mostly_sunny.gif
2025-04-28 12:19,9.1,18.0,0.0,0.0,1028.11,56.0,612.5,18.0,5.0,18.0,123.0,SE,18.4,14.8,DRY,,9999.0,,Mostly Sunny,739.8552799771252,mostly_sunny.gif
2025-04-28 12:24,9.1,18.0,0.0,0.0,1028.11,56.0,612.4,18.0,5.0,18.0,105.0,E,5.4,5.4,DRY,,9999.0,,Mostly Sunny,742.2891295680638,mostly_sunny.gif
2025-04-28 12:29,8.2,18.2,0.0,0.0,1028.21,52.0,614.0,18.2,5.0,18.2,144.0,SE,14.8,12.2,DRY,,9999.0,,Mostly Sunny,744.4098863129353,mostly_sunny.gif
2025-04-28 12:34,10.3,17.9,0.0,0.0,1027.9,61.0,616.6,17.9,6.0,17.9,124.0,SE,9.4,6.8,DRY,,9999.0,,Mostly Sunny,746.2165142953276,mostly_sunny.gif
2025-04-28 12:39,9.6,18.2,0.0,0.0,1027.9,57.0,621.5,18.2,6.0,18.2,131.0,SE,9.4,6.5,DRY,,9999.0,,Mostly Sunny,747.7081326852721,mostly_sunny.gif
